{"stats":{"minecraft:dropped":{"minecraft:spruce_log":1},"minecraft:crafted":{"minecraft:spruce_planks":36},"minecraft:custom":{"minecraft:time_since_rest":17109,"minecraft:crouch_one_cm":106,"minecraft:sprint_one_cm":39513,"minecraft:play_time":17109,"minecraft:damage_taken":100,"minecraft:walk_one_cm":24876,"minecraft:sneak_time":18,"minecraft:walk_under_water_one_cm":2156,"minecraft:drop":1,"minecraft:jump":182,"minecraft:damage_dealt":141,"minecraft:leave_game":2,"minecraft:time_since_death":17109,"minecraft:walk_on_water_one_cm":1952,"minecraft:total_world_time":17109,"minecraft:swim_one_cm":17661,"minecraft:fly_one_cm":38700,"minecraft:fall_one_cm":3460},"minecraft:mined":{"minecraft:dirt":1,"minecraft:spruce_log":12,"minecraft:fern":2},"minecraft:picked_up":{"minecraft:wooden_sword":1,"minecraft:rotten_flesh":2,"minecraft:bone":1,"minecraft:sweet_berries":10,"minecraft:wheat_seeds":1,"minecraft:spruce_log":12,"minecraft:dirt":1},"minecraft:used":{"minecraft:rotten_flesh":2,"minecraft:wooden_sword":10,"minecraft:sweet_berries":4}},"DataVersion":3465}