{"stat.walkOneCm":22702,"stat.playerKills":1,"stat.leaveGame":3,"stat.useItem.minecraft.diamond_sword":10,"stat.pickup.minecraft.diamond_sword":3,"stat.jump":325,"stat.swimOneCm":10266,"stat.fallOneCm":10056,"stat.crouchOneCm":199,"stat.pickup.minecraft.dirt":4,"stat.sprintOneCm":51768,"stat.pickup.minecraft.diamond_helmet":2,"stat.damageTaken":901,"stat.mobKills":1,"stat.pickup.minecraft.diamond_chestplate":5,"stat.pickup.minecraft.diamond_boots":3,"stat.pickup.minecraft.diamond_leggings":3,"stat.flyOneCm":40760,"stat.deaths":3,"stat.pickup.minecraft.wheat_seeds":3,"stat.drop":1,"stat.playOneMinute":14727,"stat.drop.minecraft.wheat_seeds":1,"stat.sneakTime":26,"stat.damageDealt":580,"stat.killEntity.Zombie":2,"stat.timeSinceDeath":1524,"stat.mineBlock.minecraft.dirt":4,"stat.mineBlock.minecraft.tallgrass":6,"stat.diveOneCm":34617}