{"stats":{"minecraft:custom":{"minecraft:time_since_rest":11463,"minecraft:sprint_one_cm":21668,"minecraft:crouch_one_cm":78,"minecraft:play_time":11463,"minecraft:damage_taken":100,"minecraft:walk_one_cm":36415,"minecraft:sneak_time":28,"minecraft:drop":3,"minecraft:jump":119,"minecraft:damage_dealt":10,"minecraft:leave_game":1,"minecraft:time_since_death":11463,"minecraft:total_world_time":11463,"minecraft:fall_one_cm":4492,"minecraft:fly_one_cm":28322},"minecraft:picked_up":{"minecraft:pink_petals":26,"minecraft:cherry_sapling":2,"minecraft:cherry_log":2},"minecraft:dropped":{"minecraft:pink_petals":3},"minecraft:used":{"minecraft:pink_petals":23,"minecraft:cherry_sapling":2},"minecraft:mined":{"minecraft:pink_petals":13,"minecraft:grass":11,"minecraft:cherry_leaves":6,"minecraft:tall_grass":8,"minecraft:cherry_log":2}},"DataVersion":3465}