{"stat.walkOneCm":55747,"stat.playerKills":3,"stat.drop.minecraft.diamond_chestplate":1,"stat.leaveGame":1,"stat.pickup.minecraft.diamond_helmet":3,"stat.damageTaken":981,"stat.mobKills":2,"stat.pickup.minecraft.diamond_chestplate":3,"stat.drop.minecraft.diamond_boots":1,"stat.pickup.minecraft.diamond_boots":3,"stat.useItem.minecraft.diamond_sword":14,"stat.pickup.minecraft.reeds":4,"stat.pickup.minecraft.diamond_leggings":3,"stat.flyOneCm":17039,"stat.deaths":4,"stat.pickup.minecraft.diamond_sword":2,"stat.pickup.minecraft.wheat_seeds":2,"stat.drop":9,"stat.swimOneCm":10867,"stat.jump":240,"stat.mineBlock.minecraft.leaves":3,"stat.playOneMinute":18327,"stat.fallOneCm":3533,"stat.drop.minecraft.wheat_seeds":2,"stat.drop.minecraft.diamond_helmet":1,"stat.sneakTime":106,"stat.drop.minecraft.diamond_sword":2,"stat.damageDealt":1128,"stat.drop.minecraft.sapling":1,"stat.crouchOneCm":238,"stat.killEntity.Zombie":1,"stat.timeSinceDeath":0,"stat.drop.minecraft.diamond_leggings":1,"stat.pickup.minecraft.sapling":1,"stat.pickup.minecraft.dirt":1,"stat.sprintOneCm":32019,"stat.mineBlock.minecraft.dirt":1,"stat.useItem.minecraft.stone_slab2":1,"stat.mineBlock.minecraft.tallgrass":9,"stat.diveOneCm":64285}