{"stats":{"minecraft:killed_by":{"minecraft:skeleton":2},"minecraft:dropped":{"minecraft:sweet_berries":10,"minecraft:spruce_sapling":1},"minecraft:crafted":{"minecraft:wooden_sword":1,"minecraft:crafting_table":1,"minecraft:spruce_planks":52,"minecraft:stick":8,"minecraft:wooden_pickaxe":1,"minecraft:wooden_axe":1,"minecraft:bone_meal":6},"minecraft:custom":{"minecraft:time_since_rest":16141,"minecraft:sprint_one_cm":46103,"minecraft:damage_taken":1160,"minecraft:walk_one_cm":80841,"minecraft:mob_kills":14,"minecraft:drop":11,"minecraft:damage_dealt":1314,"minecraft:swim_one_cm":1133,"minecraft:interact_with_crafting_table":2,"minecraft:fly_one_cm":59240,"minecraft:crouch_one_cm":1221,"minecraft:play_time":34981,"minecraft:deaths":3,"minecraft:sneak_time":367,"minecraft:walk_under_water_one_cm":6770,"minecraft:jump":427,"minecraft:leave_game":3,"minecraft:walk_on_water_one_cm":2065,"minecraft:time_since_death":16113,"minecraft:total_world_time":34981,"minecraft:fall_one_cm":9946},"minecraft:broken":{"minecraft:wooden_axe":1},"minecraft:mined":{"minecraft:spruce_planks":14,"minecraft:brown_mushroom":3,"minecraft:spruce_log":27,"minecraft:crafting_table":1,"minecraft:grass":5,"minecraft:spruce_leaves":45,"minecraft:fern":9},"minecraft:killed":{"minecraft:sheep":3,"minecraft:skeleton":3,"minecraft:zombie":4,"minecraft:salmon":2,"minecraft:cow":2},"minecraft:picked_up":{"minecraft:wooden_axe":2,"minecraft:crafting_table":3,"minecraft:stick":8,"minecraft:sweet_berries":60,"minecraft:salmon":2,"minecraft:leather":2,"minecraft:brown_mushroom":4,"minecraft:wooden_pickaxe":2,"minecraft:spruce_sapling":7,"minecraft:spruce_log":41,"minecraft:wooden_sword":1,"minecraft:arrow":6,"minecraft:bone":2,"minecraft:rotten_flesh":9,"minecraft:wheat_seeds":2,"minecraft:spruce_planks":22,"minecraft:beef":4,"minecraft:bone_meal":6,"minecraft:mutton":3,"minecraft:white_wool":3},"minecraft:used":{"minecraft:wooden_axe":45,"minecraft:spruce_planks":14,"minecraft:wooden_pickaxe":7,"minecraft:spruce_sapling":6,"minecraft:wooden_sword":16,"minecraft:sweet_berries":26,"minecraft:crafting_table":1,"minecraft:bone_meal":6}},"DataVersion":3465}