{"stats":{"minecraft:killed_by":{"minecraft:skeleton":1},"minecraft:crafted":{"minecraft:wooden_sword":1,"minecraft:bone_meal":6,"minecraft:crafting_table":1,"minecraft:spruce_planks":52,"minecraft:stick":8,"minecraft:wooden_pickaxe":1,"minecraft:wooden_axe":1},"minecraft:custom":{"minecraft:time_since_rest":4171,"minecraft:play_time":6482,"minecraft:sprint_one_cm":2664,"minecraft:walk_one_cm":11801,"minecraft:damage_taken":370,"minecraft:deaths":1,"minecraft:mob_kills":1,"minecraft:jump":66,"minecraft:damage_dealt":200,"minecraft:leave_game":2,"minecraft:time_since_death":4143,"minecraft:total_world_time":6482,"minecraft:interact_with_crafting_table":2,"minecraft:fall_one_cm":1012,"minecraft:fly_one_cm":5922},"minecraft:mined":{"minecraft:grass":2,"minecraft:spruce_log":13,"minecraft:fern":2},"minecraft:killed":{"minecraft:skeleton":1},"minecraft:picked_up":{"minecraft:arrow":1,"minecraft:bone":2,"minecraft:spruce_log":13},"minecraft:used":{"minecraft:crafting_table":1}},"DataVersion":3465}