{"stat.pickup.minecraft.reeds":4,"stat.flyOneCm":11775,"stat.walkOneCm":34985,"stat.pickup.minecraft.wheat_seeds":2,"stat.drop":3,"stat.swimOneCm":3538,"stat.jump":126,"stat.mineBlock.minecraft.leaves":3,"stat.playerKills":1,"stat.playOneMinute":8739,"stat.fallOneCm":2502,"stat.drop.minecraft.wheat_seeds":2,"stat.sneakTime":71,"stat.damageTaken":139,"stat.damageDealt":218,"stat.drop.minecraft.sapling":1,"stat.crouchOneCm":238,"stat.timeSinceDeath":8739,"stat.pickup.minecraft.sapling":1,"stat.sprintOneCm":20551,"stat.mineBlock.minecraft.tallgrass":4,"stat.diveOneCm":26667}