{"stats":{"minecraft:killed_by":{"minecraft:skeleton":2},"minecraft:dropped":{"minecraft:spruce_sapling":1},"minecraft:crafted":{"minecraft:wooden_sword":1,"minecraft:crafting_table":1,"minecraft:spruce_planks":52,"minecraft:stick":8,"minecraft:wooden_pickaxe":1,"minecraft:wooden_axe":1,"minecraft:bone_meal":6},"minecraft:custom":{"minecraft:time_since_rest":4141,"minecraft:sprint_one_cm":20532,"minecraft:damage_taken":900,"minecraft:walk_one_cm":44736,"minecraft:mob_kills":4,"minecraft:drop":1,"minecraft:damage_dealt":469,"minecraft:interact_with_crafting_table":2,"minecraft:fly_one_cm":29894,"minecraft:crouch_one_cm":882,"minecraft:play_time":22981,"minecraft:deaths":3,"minecraft:sneak_time":271,"minecraft:jump":238,"minecraft:leave_game":3,"minecraft:time_since_death":4113,"minecraft:total_world_time":22981,"minecraft:fall_one_cm":7752},"minecraft:mined":{"minecraft:spruce_planks":6,"minecraft:brown_mushroom":3,"minecraft:spruce_log":20,"minecraft:crafting_table":1,"minecraft:grass":4,"minecraft:spruce_leaves":41,"minecraft:fern":9},"minecraft:killed":{"minecraft:skeleton":2,"minecraft:zombie":2},"minecraft:picked_up":{"minecraft:wooden_axe":1,"minecraft:crafting_table":3,"minecraft:stick":8,"minecraft:brown_mushroom":4,"minecraft:wooden_pickaxe":2,"minecraft:spruce_sapling":7,"minecraft:spruce_log":34,"minecraft:wooden_sword":1,"minecraft:arrow":5,"minecraft:bone":2,"minecraft:rotten_flesh":8,"minecraft:wheat_seeds":2,"minecraft:spruce_planks":14,"minecraft:bone_meal":6},"minecraft:used":{"minecraft:wooden_axe":18,"minecraft:spruce_planks":14,"minecraft:wooden_pickaxe":3,"minecraft:spruce_sapling":6,"minecraft:wooden_sword":16,"minecraft:crafting_table":1,"minecraft:bone_meal":6}},"DataVersion":3465}