{"stat.useItem.hbm.designator":3,"stat.walkOneCm":39395,"stat.useItem.hbm.sellafield_1":38,"stat.drop.hbm.gun_revolver_iron":1,"stat.pickup.hbm.gun_b93":1,"stat.pickup.hbm.struct_launcher_core_large":4,"stat.pickup.hbm.machine_drill":1,"stat.killEntity.entity_fucc_a_ducc":1,"stat.pickup.minecraft.feather":1,"stat.pickup.hbm.gun_avenger":1,"stat.useItem.hbm.detonator":2,"stat.mobKills":1,"stat.pickup.minecraft.cobblestone":13,"stat.drop.hbm.gun_avenger":1,"stat.pickup.hbm.struct_plasma_core":1,"stat.flyOneCm":74778,"stat.drop":24,"stat.jump":110,"stat.playOneMinute":49253,"stat.pickup.minecraft.iron_helmet":1,"stat.fallOneCm":478,"stat.drop.minecraft.stone":5,"stat.drop.hbm.gun_b93":1,"stat.drop.minecraft.iron_ore":1,"stat.drop.minecraft.cobblestone":12,"stat.sneakTime":807,"stat.pickup.hbm.designator":1,"stat.damageDealt":40,"stat.pickup.minecraft.stone":5,"stat.pickup.minecraft.chicken":1,"stat.crouchOneCm":915,"stat.pickup.hbm.fusion_heater":135,"stat.timeSinceDeath":49253,"stat.drop.hbm.struct_launcher_core_large":3,"stat.sprintOneCm":5378,"stat.useItem.minecraft.stone_slab2":107,"stat.pickup.hbm.battery_creative":2,"stat.pickup.minecraft.iron_ore":1}