{"stat.walkOneCm":13539,"stat.drop.hbm.gun_revolver_iron":1,"stat.pickup.hbm.gun_b93":1,"stat.killEntity.entity_fucc_a_ducc":1,"stat.pickup.minecraft.feather":1,"stat.pickup.hbm.gun_avenger":1,"stat.mobKills":1,"stat.pickup.minecraft.cobblestone":13,"stat.drop.hbm.gun_avenger":1,"stat.flyOneCm":28889,"stat.drop":21,"stat.jump":50,"stat.playOneMinute":24953,"stat.pickup.minecraft.iron_helmet":1,"stat.fallOneCm":478,"stat.drop.minecraft.stone":5,"stat.drop.hbm.gun_b93":1,"stat.drop.minecraft.iron_ore":1,"stat.drop.minecraft.cobblestone":12,"stat.sneakTime":383,"stat.damageDealt":40,"stat.pickup.minecraft.stone":5,"stat.pickup.minecraft.chicken":1,"stat.crouchOneCm":397,"stat.timeSinceDeath":24953,"stat.sprintOneCm":2708,"stat.useItem.minecraft.stone_slab2":2,"stat.pickup.minecraft.iron_ore":1}