{"stats":{"minecraft:custom":{"minecraft:time_since_rest":23463,"minecraft:sprint_one_cm":35777,"minecraft:crouch_one_cm":151,"minecraft:play_time":23463,"minecraft:damage_taken":100,"minecraft:walk_one_cm":59102,"minecraft:sneak_time":98,"minecraft:walk_under_water_one_cm":5508,"minecraft:mob_kills":6,"minecraft:drop":4,"minecraft:jump":253,"minecraft:damage_dealt":2373,"minecraft:walk_on_water_one_cm":2400,"minecraft:leave_game":1,"minecraft:time_since_death":23463,"minecraft:total_world_time":23463,"minecraft:fall_one_cm":4701,"minecraft:fly_one_cm":63270},"minecraft:killed":{"minecraft:iron_golem":1,"minecraft:zombie":1,"minecraft:enderman":2,"minecraft:spider":1,"minecraft:sheep":1},"minecraft:picked_up":{"minecraft:pink_petals":26,"minecraft:dandelion":1,"minecraft:iron_ingot":3,"minecraft:cherry_sapling":2,"minecraft:cherry_log":2,"minecraft:poppy":1,"minecraft:spider_eye":1,"minecraft:mutton":1,"minecraft:string":1,"minecraft:white_wool":1},"minecraft:dropped":{"minecraft:pink_petals":3,"minecraft:wooden_axe":1},"minecraft:mined":{"minecraft:pink_petals":13,"minecraft:grass":11,"minecraft:cherry_leaves":6,"minecraft:tall_grass":8,"minecraft:cherry_log":2},"minecraft:used":{"minecraft:netherite_sword":14,"minecraft:pink_petals":23,"minecraft:cherry_sapling":2,"minecraft:deepslate_diamond_ore":3,"minecraft:netherite_axe":13,"minecraft:deepslate_redstone_ore":3,"minecraft:lapis_ore":3,"minecraft:deepslate_lapis_ore":2}},"DataVersion":3465}