{"stats":{"minecraft:killed_by":{"minecraft:skeleton":1},"minecraft:dropped":{"minecraft:spruce_sapling":1},"minecraft:crafted":{"minecraft:wooden_sword":1,"minecraft:bone_meal":6,"minecraft:crafting_table":1,"minecraft:spruce_planks":52,"minecraft:stick":8,"minecraft:wooden_pickaxe":1,"minecraft:wooden_axe":1},"minecraft:custom":{"minecraft:time_since_rest":8784,"minecraft:damage_taken":390,"minecraft:sprint_one_cm":8904,"minecraft:play_time":11095,"minecraft:deaths":1,"minecraft:walk_one_cm":20662,"minecraft:mob_kills":1,"minecraft:drop":1,"minecraft:jump":123,"minecraft:damage_dealt":200,"minecraft:leave_game":2,"minecraft:time_since_death":8756,"minecraft:total_world_time":11095,"minecraft:interact_with_crafting_table":2,"minecraft:fall_one_cm":2957,"minecraft:fly_one_cm":14483},"minecraft:mined":{"minecraft:grass":3,"minecraft:spruce_leaves":19,"minecraft:spruce_log":13,"minecraft:crafting_table":1,"minecraft:fern":4},"minecraft:killed":{"minecraft:skeleton":1},"minecraft:picked_up":{"minecraft:crafting_table":1,"minecraft:arrow":1,"minecraft:bone":2,"minecraft:spruce_sapling":2,"minecraft:spruce_log":13},"minecraft:used":{"minecraft:wooden_axe":1,"minecraft:crafting_table":1,"minecraft:spruce_sapling":1}},"DataVersion":3465}