{"stats":{"minecraft:custom":{"minecraft:jump":2,"minecraft:time_since_rest":557,"minecraft:crouch_one_cm":78,"minecraft:leave_game":1,"minecraft:play_time":557,"minecraft:damage_taken":50,"minecraft:time_since_death":557,"minecraft:walk_one_cm":4197,"minecraft:sneak_time":28,"minecraft:total_world_time":557,"minecraft:fall_one_cm":756},"minecraft:picked_up":{"minecraft:cherry_sapling":1},"minecraft:used":{"minecraft:cherry_sapling":1},"minecraft:mined":{"minecraft:grass":1,"minecraft:cherry_leaves":5}},"DataVersion":3465}