{"stat.useItem.hbm.designator":1,"stat.walkOneCm":25284,"stat.drop.hbm.gun_revolver_iron":1,"stat.pickup.hbm.gun_b93":1,"stat.pickup.hbm.struct_launcher_core_large":4,"stat.killEntity.entity_fucc_a_ducc":1,"stat.pickup.minecraft.feather":1,"stat.pickup.hbm.gun_avenger":1,"stat.useItem.hbm.detonator":2,"stat.mobKills":1,"stat.pickup.minecraft.cobblestone":13,"stat.drop.hbm.gun_avenger":1,"stat.flyOneCm":61436,"stat.drop":24,"stat.jump":69,"stat.playOneMinute":37553,"stat.pickup.minecraft.iron_helmet":1,"stat.fallOneCm":478,"stat.drop.minecraft.stone":5,"stat.drop.hbm.gun_b93":1,"stat.drop.minecraft.iron_ore":1,"stat.drop.minecraft.cobblestone":12,"stat.sneakTime":603,"stat.damageDealt":40,"stat.pickup.minecraft.stone":5,"stat.pickup.minecraft.chicken":1,"stat.crouchOneCm":578,"stat.timeSinceDeath":37553,"stat.drop.hbm.struct_launcher_core_large":3,"stat.sprintOneCm":2708,"stat.useItem.minecraft.stone_slab2":82,"stat.pickup.minecraft.iron_ore":1}