{"stats":{"minecraft:custom":{"minecraft:time_since_rest":31364,"minecraft:sprint_one_cm":44960,"minecraft:walk_one_cm":86259,"minecraft:damage_taken":100,"minecraft:mob_kills":15,"minecraft:drop":17,"minecraft:damage_dealt":3924,"minecraft:fly_one_cm":80490,"minecraft:crouch_one_cm":151,"minecraft:play_time":31364,"minecraft:sneak_time":98,"minecraft:walk_under_water_one_cm":5508,"minecraft:jump":342,"minecraft:leave_game":2,"minecraft:time_since_death":31364,"minecraft:walk_on_water_one_cm":2400,"minecraft:total_world_time":31364,"minecraft:fall_one_cm":4701},"minecraft:killed":{"minecraft:sheep":3,"minecraft:zombie":6,"minecraft:spider":1,"minecraft:iron_golem":1,"minecraft:villager":2,"minecraft:enderman":2},"minecraft:picked_up":{"minecraft:pink_petals":26,"minecraft:dandelion":1,"minecraft:potato":1,"minecraft:cherry_log":2,"minecraft:spider_eye":1,"minecraft:string":1,"minecraft:rotten_flesh":3,"minecraft:bell":1,"minecraft:iron_ingot":3,"minecraft:cherry_sapling":2,"minecraft:poppy":1,"minecraft:mutton":4,"minecraft:white_wool":3},"minecraft:dropped":{"minecraft:iron_ingot":3,"minecraft:poppy":1,"minecraft:potato":1,"minecraft:cherry_log":2,"minecraft:deepslate_redstone_ore":1,"minecraft:wooden_axe":1,"minecraft:netherite_sword":1,"minecraft:deepslate_diamond_ore":1,"minecraft:lapis_ore":1,"minecraft:pink_petals":3,"minecraft:deepslate_lapis_ore":1,"minecraft:dandelion":1},"minecraft:used":{"minecraft:cherry_sapling":2,"minecraft:netherite_sword":38,"minecraft:netherite_axe":13,"minecraft:lapis_ore":3,"minecraft:pink_petals":23,"minecraft:deepslate_diamond_ore":3,"minecraft:deepslate_redstone_ore":3,"minecraft:dandelion":13,"minecraft:deepslate_lapis_ore":2},"minecraft:mined":{"minecraft:pink_petals":13,"minecraft:cherry_log":2,"minecraft:grass":11,"minecraft:cherry_leaves":6,"minecraft:tall_grass":8}},"DataVersion":3465}